col0,col1,col2,col3
William Howard,William Howard,William Howard,William
Robert Joseph,Robert Joseph,Robert Joseph,Robert
Robert Stanley,Robert Stanley,Robert Stanley,Robert
Robert Cooper,Robert Cooper,Robert Cooper,Robert
Stephen Arthur,Stephen Arthur,Stephen Arthur,Stephen
John Lee,John Lee,John Lee,John
William John,William John,William John,John
William Howard,William Howard,William Howard,Howard
Robert Stanley,Robert Stanley,Robert Stanley,Stanley
Carl Lee,Carl Lee,Carl Lee,Carl
John Lee,John Lee,John Lee,Lee
Carl Lee,Carl Lee,Carl Lee,Lee
Stephen Arthur,Stephen Arthur,Stephen Arthur,Arthur
Richard Wayne,Richard Wayne,Richard Wayne,Richard
George Henry,George Henry,George Henry,Henry
