col0,col1,col2,col3,col4,col5
Yukon,1947-01-01,Yukon,Canada,1901-01-01,Yukon
Victoria,1903-01-01,British Columbia,Canada,1925-01-01,Victoria
Vancouver Kingsway,1987-01-01,British Columbia,Canada,1996-01-01,Vancouver Kingsway
Vancouver South,1996-01-01,British Columbia,Canada,2003-01-01,Vancouver South
Vaudreuil—Soulanges,1966-01-01,Quebec,Canada,1996-01-01,Vaudreuil—Soulanges
Trois-Rivières,1892-01-01,Quebec,Canada,1976-01-01,Trois-Rivières
Saskatoon West,1987-01-01,Saskatchewan,Canada,2012-01-01,Saskatoon West
Port Moody—Coquitlam,2003-01-01,British Columbia,Canada,2012-01-01,Port Moody—Coquitlam
