col0,col1,col2,col3
David Abraham,David Abraham,David Abraham,Abraham
Robert George,Robert George,Robert George,George
William Joseph,William Joseph,William Joseph,William
Justin James,Justin James,Justin James,Justin
Robert George,Robert George,Robert George,Robert
