col0,col1,col2,col3
William Joseph,William Joseph,William Joseph,Joseph
Robert George,Robert George,Robert George,space
George William,George William,Georg Wilhelm,William
George David,George David,George David,David
Thomas Andrew,Thomas Andrew,Thomas Andrew,Thomas
Joseph Thomas,Joseph Thomas,Joseph Thomas,Thomas
Robert Cooper,Robert Cooper,Robert Cooper,Cooper
George David,George David,George David,George
George Henry,George Henry,George Henry,George
George James,George James,George James,George
William Ernest,William Ernest,William Ernest,William
William John,William John,William John,William
