col0,col1,col2,col3,col4
Forrest,John Forrest,12781,Australia,147768
Bowman,David Bowman,537,Australia,147010
Fowler,Lilian Fowler,69,Australia,164235
Mayo,Helen Mayo,9315,Australia,140367
Durack,Michael Durack,1587758,Australia,181764
Gellibrand,Joseph Gellibrand,102,Australia,165873
Bradfield,John Bradfield,99,Australia,160255
Grayndler,Edward Grayndler,32,Australia,149513
Braddon,Edward Braddon,20826,Australia,97058
Brand,David Brand,411,Australia,164031
