col0,col1,col2,col3
Rankin,English,name,Rankin
Murray,English,name,Murray
Gatewood,English,name,Gatewood
Chandos,English,name,Chandos
Mercury,English,name,Mercury
Kimball,English,name,Kimball
Horrie,Australian English,name,Horrie
Seaborn,English,name,Seaborn
Curtis,English,name,Curtis
Littleton,English,name,Littleton
Lawyer,English,name,Lawyer
Horrie,Australian English,nickname,Horrie
