col0,col1,col2,col3
Murray-Prior,double surname,Murray-Prior,Murray
Gregson-Williams,double surname,Gregson-Williams,hyphen
Baden-Powell,double surname,Baden-Powell,Powell
Rhys Davids,double surname,Rhys Davids,Rhys
Forbes-Robertson,double surname,Forbes-Robertson,Robertson
Murray-Prior,family name,Murray-Prior,Murray
