col0,col1,col2,col3
Gebruder Douwes,business,Evert J. M. Douwes Sr.,Netherlands
Galerie Tanner,business,Gottfried Tanner,Switzerland
Buchholz Gallery,business,Curt Valentin,United States of America
Kleinberger Galleries,business,Franz Kleinberger,United States of America
Bignou Gallery,business,Étienne Bignou,United States of America
E. & A. Silberman Galleries,business,Abris Silberman,United States of America
Gallery Schmit,publisher,Jean Schmit,France
A.&R. Ball,type of business entity,Alexander Ball,United States of America
