col0,col1,col2,col3
Bacău,Bacău County,Bacău,Cosmin Necula
Pitești,Arges,Pitești,Constantin-Cornel Ionică
Constanța,Constanța County,Constanța,Decebal Făgădău
Iași,Iași County,Iași,Mihai Chirica
Tulcea,Tulcea County,Tulcea,Constantin Hogea
Alexandria,Teleorman County,Alexandria,Victor Drăgușin
Suceava,Suceava County,Suceava,Ion Lungu
Slatina,Olt County,Slatina,EMIL MOT
Călărași,Călărași County,Călărași,Daniel-Ștefan Drăgulin
Giurgiu,Giurgiu County,Giurgiu,Nicolae Barbu
