col0,col1,col2,col3
Fe,Fe,given name,Faith
Arian,Arian,given name,Aurian
Demetri,Demetri,given name,Demetrio
Nicodemo,Nicodemo,given name,Nikodemus
Bek,Bek,given name,Beck
Fortune,Fortune,given name,Fortuné
Achaz,Achaz,given name,Achatius
Achatz,Achatz,given name,Achatius
Amabile,Amabile,given name,Amable
Ansegis,Ansegis,given name,Ansegisel
Woodbine,Woodbine,given name,Woodbyne
Marquardo,Marquardo,given name,Markwart
América,Americas,given name,America
Nel,NEL,given name,Manuel
