col0,col1,col2,col3,col4
avenue du Général-Mangin,Charles Mangin,rue d'Ankara,1925-01-01,France
avenue du Général-Lemonnier,Émile Lemonnier,rue de Rivoli,1877-01-01,France
avenue Paul-Adam,Paul Adam,square du Thimerais,1932-01-01,France
avenue Maurice-d'Ocagne,Maurice d’Ocagne,rue du Général-de-Maud'Huy,1956-01-01,France
avenue Mathurin-Moreau,Mathurin Moreau,rue des Chaufourniers,1883-01-01,France
avenue Milleret-de-Brou,Marie-Eugénie de Jésus,rue de l'Assomption,1928-01-01,France
avenue Marceau,François Séverin Marceau-Desgraviers,rue de Presbourg,1854-01-01,France
avenue Matignon,Charles-Auguste de Goyon,rue de Penthièvre,1774-01-01,France
