col0,col1,col2,col3
Nauru,Nauruan,8844,English
Palau,Palauan,13338,Palauan
Nauru,Nauruan,8844,Nauruan
Fiji,Fijian,5589,Fiji Hindi
Kiribati,I-Kiribati,1594,Gilbertese
Fiji,Fijian,5589,English
Kiribati,I-Kiribati,1594,English
Marshall Islands,Marshallese,3843,English
Federated States of Micronesia,Micronesian,3187,English
Marshall Islands,Marshallese,3843,Marshallese
Fiji,Fijian,5589,Fijian
